hashgraph,CartEVM
hashgraph,MyHbarWallet
hashgraph,Sustainable-Blockchain-Hackathon-2022
hashgraph,TestBackup_RecoveryRepo
hashgraph,asset-tokenization-studio
hashgraph,awesome-hashgraph
hashgraph,consensus-nodes
hashgraph,corda-notary-hedera
hashgraph,ctp2-star
hashgraph,did-method
hashgraph,did-sdk-java
hashgraph,did-sdk-js
hashgraph,elasticsearch-assets
hashgraph,fabcar-ui
hashgraph,fabric-hcs
hashgraph,fabric-samples-hcs
hashgraph,feedback
hashgraph,full-stack-testing
hashgraph,go-ethereum
hashgraph,guardian
hashgraph,hala-hcs-s3-lambda
hashgraph,hashgraph-defi-alliance
hashgraph,hashgraph-foundation
hashgraph,hashgraph.github.io
hashgraph,hashgraph.org-redirect
hashgraph,hcscli
hashgraph,hedera-accelerator-defi-dex
hashgraph,hedera-accelerator-defi-dex-ui
hashgraph,hedera-accelerator-defi-dex-ui-components
hashgraph,hedera-accelerator-defi-eip
hashgraph,hedera-accelerator-defi-eip-ui
hashgraph,hedera-accelerator-defi-lending
hashgraph,hedera-accelerator-loyalty
hashgraph,hedera-accelerator-nft-metadata-validation
hashgraph,hedera-accelerator-nft-rarity-calculation
hashgraph,hedera-accelerator-rewards
hashgraph,hedera-accelerator-rwa-re-ui
hashgraph,hedera-auction-demo
hashgraph,hedera-auction-demo-solidity
hashgraph,hedera-block-node
hashgraph,hedera-claimbox-contracts
hashgraph,hedera-claimbox-dashboard
hashgraph,hedera-claimbox-nft-claim-page
hashgraph,hedera-cli
hashgraph,hedera-comm-calls
hashgraph,hedera-crypto-library
hashgraph,hedera-cryptography
hashgraph,hedera-custodians-library
hashgraph,hedera-dapp-days
hashgraph,hedera-demo-device-did
hashgraph,hedera-did-example
hashgraph,hedera-did-getting-started
hashgraph,hedera-did-sdk-java
hashgraph,hedera-did-sdk-java-vc-sl
hashgraph,hedera-did-sdk-js
hashgraph,hedera-did-sdk-js-vc-sl
hashgraph,hedera-did-spec
hashgraph,hedera-did-universal-resolver-driver
hashgraph,hedera-docs
hashgraph,hedera-exchange-rate-tool
hashgraph,hedera-fabric-txmapper
hashgraph,hedera-fee-tool-js
hashgraph,hedera-forking
hashgraph,hedera-fxprocessor-demo
hashgraph,hedera-gradle-conventions
hashgraph,hedera-grpcWeb-proxy
hashgraph,hedera-hardhat-example-project
hashgraph,hedera-hardhat-hethers
hashgraph,hedera-hardhat-plugin
hashgraph,hedera-hcs-chat-js
hashgraph,hedera-hcs-corda-demo
hashgraph,hedera-hcs-erc721-sample
hashgraph,hedera-hcs-s3-monitor-java
hashgraph,hedera-hcs-sxc-java
hashgraph,hedera-hcs-token-example
hashgraph,hedera-hcs-token-go
hashgraph,hedera-hcs-token-go-perf-test
hashgraph,hedera-hip-automation-test
hashgraph,hedera-hts-demo
hashgraph,hedera-hts-precompile-demo
hashgraph,hedera-improvement-proposal
hashgraph,hedera-internal-issues
hashgraph,hedera-iot-grpc-gateway
hashgraph,hedera-json-rpc-relay
hashgraph,hedera-local-node
hashgraph,hedera-metamask-snaps
hashgraph,hedera-mintbox
hashgraph,hedera-mirror-node
hashgraph,hedera-mirror-node-explorer
hashgraph,hedera-mirror-node-sandbox
hashgraph,hedera-nft-auction-demo
hashgraph,hedera-nft-marketplace
hashgraph,hedera-nft-minter
hashgraph,hedera-nft-sdk
hashgraph,hedera-portal
hashgraph,hedera-portal-api
hashgraph,hedera-portal-netki
hashgraph,hedera-proof-of-action-demo-pasteboard
hashgraph,hedera-proof-of-action-microservice
hashgraph,hedera-proof-of-authenticity-demos
hashgraph,hedera-protobufs
hashgraph,hedera-protobufs-cpp
hashgraph,hedera-protobufs-go
hashgraph,hedera-protobufs-java
hashgraph,hedera-protobufs-swift
hashgraph,hedera-sdk-java
hashgraph,hedera-sdk-js
hashgraph,hedera-sdk-reference
hashgraph,hedera-sdk-rust
hashgraph,hedera-sdk-swift
hashgraph,hedera-security
hashgraph,hedera-security-issues
hashgraph,hedera-services
hashgraph,hedera-smart-contract-starter
hashgraph,hedera-smart-contracts
hashgraph,hedera-smart-contracts-libs-lab
hashgraph,hedera-sourcify
hashgraph,hedera-stable-coin
hashgraph,hedera-stable-coin-demo
hashgraph,hedera-stable-coin-demo-issues
hashgraph,hedera-stable-coin-formal-model
hashgraph,hedera-stable-coin-solidity-ethereum
hashgraph,hedera-starter-java-spring
hashgraph,hedera-state-proof-verifier-go
hashgraph,hedera-state-validator
hashgraph,hedera-subgraph-example
hashgraph,hedera-testing
hashgraph,hedera-the-graph
hashgraph,hedera-theft-prevention-demo
hashgraph,hedera-transaction-generator
hashgraph,hedera-transaction-tool
hashgraph,hedera-transaction-tool-demo
hashgraph,hedera-voting-application
hashgraph,hedera-wallet-android
hashgraph,hedera-wallet-connect
hashgraph,hedera-wallet-ios
hashgraph,hello-hedera-audit-log-go
hashgraph,hl-mercury
hashgraph,infrastructure-facts
hashgraph,learning
hashgraph,ledger-app-hedera
hashgraph,log4j2-hedera
hashgraph,logstash-output-hedera
hashgraph,monitoring
hashgraph,network-load-generator
hashgraph,node-operator-docs
hashgraph,open-zepplin-stable-coin
hashgraph,osf
hashgraph,partners-handbook
hashgraph,private-hedera-services
hashgraph,private-open-review-test
hashgraph,roadmap
hashgraph,runner-images
hashgraph,solo
hashgraph,solo-charts
hashgraph,solo-containers
hashgraph,solo-gh-action
hashgraph,solo-operator
hashgraph,solo-provisioner
hashgraph,stablecoin-studio
hashgraph,swirlds-sdk-java
hashgraph,terraform-hedera-infrastructure
hashgraph,terraform-hedera-meta-devops
hashgraph,terraform-hedera-node-modules
hashgraph,terraform-hedera-security
hashgraph,the-coupon-bureau-hcs-redis
hashgraph,vagrant-internal
hashgraph,winston-transport-hedera